comparison_type,root,prompt_set_id,model_name,length_words,temperature_a,temperature_b,n_paired,mean_diff,median_diff,ci_low,ci_high
temperature,longwiki-hybrid,2bcffee1107589cd888a59a6a4a58aa6ecb9adc3366719a35ec658f30f1c97e7,grok-3-mini,50,0.25,0.5,441,-0.015878162586042285,-0.015873015873015817,-0.03380374120173847,0.0019585769909077713
temperature,longwiki-hybrid,2bcffee1107589cd888a59a6a4a58aa6ecb9adc3366719a35ec658f30f1c97e7,grok-3-mini,50,0.25,0.75,438,-0.003053677562632247,0.0,-0.022941658530689985,0.01756076747697848
temperature,longwiki-hybrid,2bcffee1107589cd888a59a6a4a58aa6ecb9adc3366719a35ec658f30f1c97e7,grok-3-mini,50,0.5,0.75,441,0.011197054566108528,0.010526315789473717,-0.00761623047823458,0.029358615904066222
